№;URL;Title;Description;Keywords;H1;H2;;;
1;https://glavtrubtorg.ru/;Группа Главтрубторг;Все о группе компаний главтрубторг;Главтрубторг, компания главтрубторг, группа главтрубторг;ГЛАВТРУБТОРГ - главный по гибким трубам;Новости;;;
2;https://glavtrubtorg.ru/about/;Группа ГЛАВТРУБТОРГ;Все о группе компаний ГЛАТРУБТОРГ;Главтрубторг, трубы ГПИ, Изопрофлекс, дилер, дистрибутор, изоком, твэлпэкс;О компании;;;;
3;https://glavtrubtorg.ru/catalog/;Продукция;Компания ГЛАВТРУБТОРГ имеет действующие заключенные договоры или непосредственно с производителями или с их крупнейшими дилерами и поэтому имеет возможность предоставить лучшие цены и условия на соотв...;<ПУСТО>;Продукция;;;;
4;https://glavtrubtorg.ru/catalog/izokom/;Трубы Изоком;Трубы Изоком - ГПИ трубы от крупного белорусского производителя.;изоком, трубы изоком, гпи трубы изоком, трубы гпи, белорусские трубы гпи, гпи труба беларусь, изоком пласт;Трубы ИЗОКОМ;;;;
5;https://glavtrubtorg.ru/catalog/izokom/izokom_a-pex_armirovanniy/;ИЗОКОМ-А 95/1;Армированные ГПИ трубы Изоком из сшитого полиэтилена;изоком-а, изоком армированный, гпи изоком армированный, изоком apex, гпи apex;ИЗОКОМ-А PE-Xa;;;;
6;https://glavtrubtorg.ru/catalog/izokom/izokom_a-pex_dvoynoy_armirovanniy/;ИЗОКОМ-2А PE-Xa;"1 &ndash; полимерная труба 1а &ndash; армирующий слой из арамидной нити kevlar 2 &ndash; тепловая изоляция 3 &ndash; полиэтиленовая оболочка 4 &ndash; технологический слой из полиэтиленовой пленки и...";<ПУСТО>;ИЗОКОМ-2А PE-Xa;;;;
7;https://glavtrubtorg.ru/catalog/izokom/izokom-1pe-ha_6_bar/;Трубы ИЗОКОМ-1;Одинарные ГПИ трубы ИЗОКОМ на 6 и 10 бар для отопления и ГВС;Трубы изоком, гпи трубы изоком, гпи изоком;ИЗОКОМ-1 PE-Xa;;;;
8;https://glavtrubtorg.ru/catalog/izokom/izokom-2_pe-ha_6_bar/;Труба Изоком-2 двойная;Труба Изоком-2 двойная напорная трубы в общей изоляции, на 6 и 10 бар;Труба изоком-2, изоком тандем, двойной изоком, двойная гпи труба;ИЗОКОМ-2 PE-Xa;;;;
9;https://glavtrubtorg.ru/catalog/izokom/izokom-115a_pe-xa/;ИЗОКОМ-115А PE-Xa;Компания ГЛАВТРУБТОРГ имеет действующие заключенные договоры или непосредственно с производителями или с их крупнейшими дилерами и поэтому имеет возможность предоставить лучшие цены и условия на соотв...;<ПУСТО>;ИЗОКОМ-115А PE-Xa;;;;
10;https://glavtrubtorg.ru/catalog/izopeks/;Трубы ТВЭЛ-ПЭКС (Трубы Изопэкс);"Линейка изолированных пластиковых труб ТВЭЛ-ПЭКС (Изопэкс) от ЗАО ""Завод полимерных труб"" (ТВЭЛ) под Санкт-Петербургом";Трубы твэл-пэкс, линейка труб твэл-пэкс, трубы изопэкс, твэлпэкс, изопэкс, твэл-пэкс;Трубы ТВЭЛ-ПЭКС;;;;
11;https://glavtrubtorg.ru/catalog/izopeks/tvel-peks-1/;ТВЭЛ-ПЭКС-1;Текст перед блоками;<ПУСТО>;ТВЭЛ-ПЭКС-1;;;;
12;https://glavtrubtorg.ru/catalog/izopeks/tvel-peks-2/;ТВЭЛ-ПЭКС-2;Компания ГЛАВТРУБТОРГ имеет действующие заключенные договоры или непосредственно с производителями или с их крупнейшими дилерами и поэтому имеет возможность предоставить лучшие цены и условия на соотв...;<ПУСТО>;ТВЭЛ-ПЭКС-2;;;;
13;https://glavtrubtorg.ru/catalog/izopeks/tvel-peks-2k/;ТВЭЛ-ПЭКС-2К;Компания ГЛАВТРУБТОРГ имеет действующие заключенные договоры или непосредственно с производителями или с их крупнейшими дилерами и поэтому имеет возможность предоставить лучшие цены и условия на соотв...;<ПУСТО>;ТВЭЛ-ПЭКС-2К;;;;
14;https://glavtrubtorg.ru/catalog/izopeks/tvel-peks-4/;ТВЭЛ-ПЭКС-4;Компания ГЛАВТРУБТОРГ имеет действующие заключенные договоры или непосредственно с производителями или с их крупнейшими дилерами и поэтому имеет возможность предоставить лучшие цены и условия на соотв...;<ПУСТО>;ТВЭЛ-ПЭКС-4;;;;
15;https://glavtrubtorg.ru/catalog/izopeks/tvel-peks-hvs/;ТВЭЛ-ПЭКС-ХВС;Компания ГЛАВТРУБТОРГ имеет действующие заключенные договоры или непосредственно с производителями или с их крупнейшими дилерами и поэтому имеет возможность предоставить лучшие цены и условия на соотв...;<ПУСТО>;ТВЭЛ-ПЭКС-ХВС;;;;
16;https://glavtrubtorg.ru/catalog/izopeks/tvel-peks-k/;ТВЭЛ-ПЭКС-К;Компания ГЛАВТРУБТОРГ имеет действующие заключенные договоры или непосредственно с производителями или с их крупнейшими дилерами и поэтому имеет возможность предоставить лучшие цены и условия на соотв...;<ПУСТО>;ТВЭЛ-ПЭКС-К;;;;
17;https://glavtrubtorg.ru/catalog/izoprofleks_kasafleks/;Линейка труб ИЗОПРОФЛЕКС и КАСАФЛЕКС;"Продукция компании ""Группа ПОЛИМЕРТЕПЛО"" трубы ИЗОПРОФЛЕКС и КАСАФЛЕКС";полимертепло, изопрофлекс, касафлекс, трубы изопрофлекс, трубы касафлекс, группа полимер тепло;Трубы ИЗОПРОФЛЕКС И КАСАФЛЕКС;;;;
18;https://glavtrubtorg.ru/catalog/izoprofleks_kasafleks/izoprofleks_06_mpa/;Изопрофлекс 95;Одинарная труба изопрофлекс для ГВС, 0,6 МПа, 95С;Изопрофлекс 95, трубы изопрофлекс 6 бар;ИЗОПРОФЛЕКС 95;;;;
19;https://glavtrubtorg.ru/catalog/izoprofleks_kasafleks/izoprofleks_75a/;ИЗОПРОФЛЕКС 75А;Трубы Изопрофлекс 75А для ГВС и обратной трассы для отоплении;Изопрофлекс 75А, Изопрофлекс перт, труба изопрофлекс 75а, теплотрасса изопрофлекс 75а, обратная трасса отопления;ИЗОПРОФЛЕКС 75А;;;;
20;https://glavtrubtorg.ru/catalog/izoprofleks_kasafleks/izoprofleks_95a/;ИЗОПРОФЛЕКС 95А;Трубы изопрофлекс для ГВС и отопления диаметры напорных труб от 40 до 225 мм;Изопрофлекс 95а, Изопрофлекс-а, трубы изопрофлекс 95а, комплектующие изопрофлекс 95а, комплектующие изопрофлекс-а, характеристики изопрофлекс 95а;ИЗОПРОФЛЕКС 95А;;;;
21;https://glavtrubtorg.ru/catalog/izoprofleks_kasafleks/izoprofleks_115a/;ИЗОПРОФЛЕКС115А;Компания ГЛАВТРУБТОРГ имеет действующие заключенные договоры или непосредственно с производителями или с их крупнейшими дилерами и поэтому имеет возможность предоставить лучшие цены и условия на соотв...;<ПУСТО>;ИЗОПРОФЛЕКС115А;;;;
22;https://glavtrubtorg.ru/catalog/izoprofleks_kasafleks/izoprofleks_arktik/;ИЗОПРОФЛЕКС АРКТИК;Изопрофлекс Арктик - трубы для холодной воды с греющим кабелем (незамерзающие водопроводы);Изопрофлекс Арктик, Изопрофлекс с кабелем, Изопрофлекс Арктик КОМФОРТ, Арктик-У, Арктик комфорт, Изопрофлекс для холодной воды, Изопрофлекс для хвс, Изопрофлекс с греющим кабелем;ИЗОПРОФЛЕКС АРКТИК;;;;
23;https://glavtrubtorg.ru/catalog/izoprofleks_kasafleks/izoprofleks_kvadriga/;ИЗОПРОФЛЕКС КВАДРИГА;Трубы Изопрофлекс Квадрига для отопления (подача-обратка) + ГВС (подача-рециркуляция) в общей изоляции;Изопрофлекс квадрига, четверная труба изопрофлекс, четыре напорные трубы в изоляции, четыре трубы в изоляции, четверная труба, четверной изопрофлекс;ИЗОПРОФЛЕКС КВАДРИГА;;;;
24;https://glavtrubtorg.ru/catalog/izoprofleks_kasafleks/izoprofleks_tandem/;ИЗОПРОФЛЕКС ТАНДЕМ;Трубы изопрофлекс тандем для отопления. Двойная труба подача-обратка в общей изоляции.;Изопрофлекс тандем, трубы изопрофлекс тандем, двойные трубы для отопления, двойной изопрофлекс, трубы тандем;ИЗОПРОФЛЕКС ТАНДЕМ;;;;
25;https://glavtrubtorg.ru/catalog/izoprofleks_kasafleks/kasafleks/;КАСАФЛЕКС;Касафлекс - гибкие гофрированные трубы из нержавеющей стали в изоляции.;касафлекс, гофрированная сталь в изоляции, трубы брюгге в изоляции, нержавейка в изоляции, комплектующи касафлекс, технические характеристики касафлекс;КАСАФЛЕКС;;;;
26;https://glavtrubtorg.ru/catalog/uponor_ecoflex/;Трубы Упонор Экофлекс (Uponor Ecoflex);Линейка труб Упонор Экофлекс (Uponor Ecoflex) финского производителя Uponor;Упонор, теплотрасса упонор, трубы упонор, uponor ecoflex, ecoflex, uponor, теплотрасса uponor;Трубы УПОНОР ЭКОФЛЕКС (Uponor Ecoflex);;;;
27;https://glavtrubtorg.ru/catalog/uponor_ecoflex/uponor_aqua/;Упонор Экофлекс Аква (Uponor Ecoflex Aqua);Трубы Упонор Аква - 10-барные трубы для ГВС одно и двухтрубные версии;Упонор аква, теплотрасса упонор аква, трубы упонор аква, uponor ecoflex aqua, ecoflex aqua, трубы uponor aqua, теплотрасса uponor aqua, упонор aqua в Москве, аква твин, упонор аква твин;UPONOR ECOFLEX AQUA;;;;
28;https://glavtrubtorg.ru/catalog/uponor_ecoflex/uponor_ecoflex_quattro/;Упонор Экофлекс Кватро (Uponor Ecoflex Quattro);Четверные трубы Упонор для отопления и ГВС в общей изоляции, облегченная и обычная версии.;Упонор кватро, теплотрасса упонор кватро, трубы упонор кватро, uponor ecoflex quattro, ecoflex quattro, трубы uponor quattro, теплотрасса uponor quattro, упонор кватро в Москве;УПОНОР ЭКОФЛЕКС КВАТРО (UPONOR ECOFLEX QUATTRO);;;;
29;https://glavtrubtorg.ru/catalog/uponor_ecoflex/uponor_ecoflex_supra_plus/;Упонор Экофлекс Супра Плюс (Uponor Ecoflex Supra Plus);Упонор Супра Плюс для ХВС с вставленным греющим кабелем - незамерзающий зимний водопровод.;Упонор супра, упонор супра плюс, упонор для хвс, упонор экофлекс супра плюс, незамерзающий водопровод, зимний водопровод упонор супра плюс, супра плюс;УПОНОР ЭКОФЛЕКС СУПРА ПЛЮС (UPONOR ECOFLEX SUPRA PLUS);;;;
30;https://glavtrubtorg.ru/catalog/uponor_ecoflex/uponor_ecoflex_thermo/;Упонор Экофлекс Термо (Uponor Ecoflex Thermo);Трубы упонор для отопления, модификации одно, двухтрубные, на 6 и на 10 бар;Упонор термо, теплотрасса упонор термо, трубы упонор термо, uponor ecoflex thermo, ecoflex thermo, трубы uponor quattro, теплотрасса uponor quattro, упонор кватро в Москве, теплотрасса для отопления;УПОНОР ЭКОФЛЕКС ТЕРМО (UPONOR ECOFLEX THERMO);;;;
31;https://glavtrubtorg.ru/catalog/uponor_ecoflex/uponor_varia/;Упонор экофлекс Вариа (Uponor Ecoflex Varia);Упонор экофлекс Вариа (Uponor Ecoflex Varia) - трубы для отопления с облегченной изоляцией, что сказывается и на цене.;теплотрасса упонор вариа, трубы упонор вариа, uponor ecoflex varia, упонор экофлекс вариа, трубы вариа;УПОНОР ЭКОФЛЕКС ВАРИА (UPONOR ECOFLEX VARIA);;;;
32;https://glavtrubtorg.ru/contacts/;Контакты;Чтобы ознакомиться с предлагаемой продукцией Вы можете подъехать к нам в офис или один из шоурумов наших партнеров. Звоните или пишите, выберем самый удобный вариант. Телефон/факс: +7 (499) 504-41-21...;<ПУСТО>;Контакты;;;;
33;https://glavtrubtorg.ru/documentation/;Технические описания, сертификаты, инструкции по монтажу теплоизолированных труб;Технические описания, сертификаты, инструкции по монтажу теплоизолированных труб;техническое описание изопрофлекс, технические характеристики изопрофлекс, характеристики изопрофлекс;Документация;;;;
34;https://glavtrubtorg.ru/files/2019-04-03-12-26-34.png;;;;;;;;
35;https://glavtrubtorg.ru/files/izokom1.jpg;;;;;;;;
36;https://glavtrubtorg.ru/files/izokom1-shema.jpg;;;;;;;;
37;https://glavtrubtorg.ru/files/izokom2.jpg;;;;;;;;
38;https://glavtrubtorg.ru/files/izokom2-shema.jpg;;;;;;;;
39;https://glavtrubtorg.ru/files/izokom-a.jpg;;;;;;;;
40;https://glavtrubtorg.ru/files/izokom-a-shema.jpg;;;;;;;;
41;https://glavtrubtorg.ru/loadfiles/noviy_katalog_2019.pdf;;;;;;;;
42;https://glavtrubtorg.ru/loadfiles/podrobnoe_opisanie_armirovannih_trub_i_komplektuuwih_izoprofleks-a_(95a)_10_bar.pdf;;;;;;;;
43;https://glavtrubtorg.ru/loadfiles/podrobnoe_opisanie_trub_i_komplektuuwih_izoprofleks_6_bar,_tandem(2h),_kvadriga(4h).pdf;;;;;;;;
44;https://glavtrubtorg.ru/loadfiles/prays_2019.xlsx;;;;;;;;
45;https://glavtrubtorg.ru/loadfiles/svidetelstvo.jpeg;;;;;;;;
46;https://glavtrubtorg.ru/news/;Новости;Новости;<ПУСТО>;Новости;;;;
47;https://glavtrubtorg.ru/news/?page=1#pagelist1;Новости страница 1;<ОТСУТСТВУЕТ>;<ПУСТО>;Новости;;;;
48;https://glavtrubtorg.ru/news/?page=2#pagelist1;Новости страница 2;<ОТСУТСТВУЕТ>;<ПУСТО>;Новости;;;;
49;https://glavtrubtorg.ru/news/?page=3#pagelist1;Новости страница 3;<ОТСУТСТВУЕТ>;<ПУСТО>;Новости;;;;
50;https://glavtrubtorg.ru/news/?page=4#pagelist1;Новости страница 4;<ОТСУТСТВУЕТ>;<ПУСТО>;Новости;;;;
51;https://glavtrubtorg.ru/news/?page=5#pagelist1;Новости страница 5;<ОТСУТСТВУЕТ>;<ПУСТО>;Новости;;;;
52;https://glavtrubtorg.ru/news/?page=6#pagelist1;Новости страница 6;<ОТСУТСТВУЕТ>;<ПУСТО>;Новости;;;;
53;https://glavtrubtorg.ru/price/;Цены на трубы ИЗОКОМ, ИЗОПРОФЛЕКС, КАСАФЛЕКС, УПОНОР ЭКОФЛЕКС;Цены на трубы ИЗОКОМ, ИЗОПРОФЛЕКС, КАСАФЛЕКС, УПОНОР ЭКОФЛЕКС;изопрофлекс цена, упонор цена, твэл-пэкс цена, изоком цена, изопрофлекс прайс, изоком прайс, твэл-пэкс прайс;Цены;;;;
54;https://glavtrubtorg.ru/services/;Услуги;Наша компания предлагает воспользоваться нашими услугами доставки и монтажа.;<ПУСТО>;Услуги;;;;
55;https://glavtrubtorg.ru/services/dostavka/;Доставка Изопрофлекс или аналогов;Доставка трую изопрофлекс или аналогичных гпи труб. Как их доставить в другой город? Как привезти в бухтах или на барабане.;доставка изопрофлекс, доставка гпи труб, доставка теплотрасс, доставка труб в бухтах, транспортировка изопрофлекс, доставка твэл, доставка твэл-пэкс, доставка изоком, доставка труб изоком;Доставка;;;;
56;https://glavtrubtorg.ru/services/montaz_fitingov/;Монтаж пресс-фитингов изопрофлекс, изопэкс, изоком, твэл-пэкс и других;Монтаж пресс фитингов Изопрофлекс или фитингов на аналогичные трубы с использованием гидравлического пресс-инструмента.;монтаж изопрофлекс, монтаж пресс-фитингов, монтаж фитингов изопрофлекс, монтаж Изопрофлекс в москве, монтаж фитингов твэл-пэкс, монтаж изоком, монтаж фитингов изоком,;Монтаж фитингов;;;;
;;;;;;;;;
Сгенерировано программой SiteAnalyzer (site-analyzer.ru);;;;;;;;;
